uuid,released,title,duration
m6zlsw,2025-12-06,Soulfire,166.64
FsJIH9,2025-12-06,Hypnotic Sands,180.96
IAa9x1,2025-12-06,Dunes of Time,208.04
DB0di4,2025-12-06,Saffron Winds,249.96
2PeaRM,2025-12-06,Silk & Smoke,194.0
a2ubYY,2025-12-06,Forbidden Desires,202.2
T5sVwn,2025-12-08,Veil of Echoes,157.88
YeQZ65,2025-12-08,Sands of Desire,186.08
3LiA9B,2025-12-08,A Love Deferred,197.0
PLwI3x,2025-12-11,Echoes of Absence,219.36
WDPnvU,2025-12-11,Sacred Whispers,289.0
UMhWwS,2025-12-11,Sacred Light,207.64
EryIb5,2025-12-22,Omen Whispers,212.28
70wQMx,2025-12-24,Lingering Touch,194.92
600TNZ,2025-12-26,Desert Mirage,229.28
